{
  "slug": "advanced_tx_tau1_sigma1_0deg_s_525um",
  "title": "Two-Drude transmission: $\\tau_1$ vs $\\sigma_1$ (0 deg, s-pol, $d_{\\mathrm{sub}}=525\\,\\mu$m, $d_{\\mathrm{epi}}=50\\,\\mu$m)",
  "mode": "transmission",
  "angle_deg": 0.0,
  "polarization": "s",
  "pair_index": 1,
  "substrate_thickness_um": 525.0,
  "epi_thickness_um": 50.0,
  "tau_values": [
    0.1,
    0.11041666666666668,
    0.12083333333333333,
    0.13125,
    0.14166666666666666,
    0.15208333333333335,
    0.1625,
    0.17291666666666666,
    0.18333333333333335,
    0.19375,
    0.20416666666666666,
    0.21458333333333335,
    0.225,
    0.23541666666666666,
    0.24583333333333332,
    0.25625,
    0.26666666666666666,
    0.27708333333333335,
    0.2875,
    0.29791666666666666,
    0.30833333333333335,
    0.31875,
    0.32916666666666666,
    0.33958333333333335,
    0.35
  ],
  "sigma_values": [
    0.01,
    0.01375,
    0.0175,
    0.02125,
    0.025,
    0.028750000000000005,
    0.0325,
    0.036250000000000004,
    0.04,
    0.043750000000000004,
    0.04750000000000001,
    0.051250000000000004,
    0.05500000000000001,
    0.058750000000000004,
    0.0625,
    0.06625,
    0.07,
    0.07375,
    0.0775,
    0.08125,
    0.085,
    0.08875,
    0.0925,
    0.09625,
    0.1
  ],
  "fixed_tau_ps": 0.8154753215150046,
  "fixed_sigma_s_per_m": 0.8660254037844386
}