{
  "measurement": {
    "mode": "reflection",
    "angle_deg": 21.580633269005986,
    "polarization": "mixed",
    "polarization_mix": 0.0,
    "trace_scale": -0.9620126040201074,
    "trace_offset": 0.10377547956897233,
    "reference_standard_kind": "identity"
  },
  "delay_recovery": {
    "enabled": true,
    "coarse_delay_ps": 0.0,
    "initial_delay_ps": 0.0,
    "fitted_delay_ps": 2.104184491075522
  },
  "recovered_parameters": {
    "wafer_thickness_um": 659.0770886242962,
    "wafer_eps_inf": 10.48131408329853,
    "wafer_plasma_freq_thz": 0.1173631866277683,
    "wafer_gamma_thz": 0.2517985515458883,
    "measurement_angle_deg": 21.580633269005986,
    "measurement_polarization_mix": 0.0,
    "measurement_trace_scale": -0.9620126040201074,
    "measurement_trace_offset": 0.10377547956897233,
    "delta_t_ps": 2.104184491075522
  },
  "parameter_sigmas": {
    "wafer_thickness_um": 11.328520594695982,
    "wafer_eps_inf": 0.9711939449771306,
    "wafer_plasma_freq_thz": 0.004842844606240796,
    "wafer_gamma_thz": 0.03295813718239509,
    "measurement_angle_deg": 51.67626817427118,
    "measurement_polarization_mix": 2.9923902166326015,
    "measurement_trace_scale": 0.023466727276314034,
    "measurement_trace_offset": 0.006782544805953164,
    "delta_t_ps": 0.000795776179791006
  },
  "objective_value": 0.002000220791703325,
  "initial_objective_value": 1.0358925386543447,
  "metric": "weighted_data_fit",
  "metric_options": {
    "lp_order": 8.0,
    "freq_min_thz": null,
    "freq_max_thz": null,
    "time_weight": 1.0,
    "amplitude_weight": 1.0,
    "phase_weight": 1.0,
    "transfer_floor_ratio": 1e-06
  },
  "weighting": {
    "mode": "trace_amplitude",
    "floor": 0.03,
    "power": 2.0,
    "smooth_window_samples": 41
  },
  "initial_residual_metrics": {
    "data_fit": 2.030094112500567,
    "weighted_data_fit": 1.0358925386543447,
    "mse": 14.72776260061833,
    "normalized_mse": 0.060484752978804325,
    "relative_l2": 1.4248137115077772,
    "relative_lp": 1.2963763880680872,
    "hybrid_transfer": 65.07326928447466,
    "transfer_amplitude_mse": 1.3076426962928676,
    "transfer_phase_mse": 62.729734049527444,
    "residual_rms": 3.8376767191385897,
    "fit_sigma": 1.4245788932364811,
    "snr_db": -3.075161717025041
  },
  "residual_metrics": {
    "data_fit": 0.00452712545415936,
    "weighted_data_fit": 0.002000220791703325,
    "mse": 0.03284302365172091,
    "normalized_mse": 0.00013488146343206036,
    "relative_l2": 0.06728391675697366,
    "relative_lp": 3.3153537367861445e-11,
    "hybrid_transfer": 22.61282231921427,
    "transfer_amplitude_mse": 0.35228864405672355,
    "transfer_phase_mse": 22.258533454365843,
    "residual_rms": 0.18122644302562724,
    "fit_sigma": 0.061163922066830904,
    "snr_db": 23.441774703171593
  }
}
