{
  "slug": "advanced_tx_tau2_sigma2_45deg_s_725um",
  "title": "Two-Drude transmission: $\\tau_2$ vs $\\sigma_2$ (45 deg, s-pol, $d_{\\mathrm{sub}}=725\\,\\mu$m, $d_{\\mathrm{epi}}=70\\,\\mu$m)",
  "mode": "transmission",
  "angle_deg": 45.0,
  "polarization": "s",
  "pair_index": 2,
  "substrate_thickness_um": 725.0,
  "epi_thickness_um": 70.0,
  "tau_values": [
    0.7,
    0.7104166666666666,
    0.7208333333333333,
    0.73125,
    0.7416666666666666,
    0.7520833333333333,
    0.7625,
    0.7729166666666666,
    0.7833333333333333,
    0.79375,
    0.8041666666666666,
    0.8145833333333333,
    0.825,
    0.8354166666666666,
    0.8458333333333332,
    0.85625,
    0.8666666666666666,
    0.8770833333333332,
    0.8875,
    0.8979166666666666,
    0.9083333333333332,
    0.91875,
    0.9291666666666666,
    0.9395833333333332,
    0.95
  ],
  "sigma_values": [
    500.0,
    520.8333333333334,
    541.6666666666666,
    562.5,
    583.3333333333334,
    604.1666666666666,
    625.0,
    645.8333333333333,
    666.6666666666666,
    687.5,
    708.3333333333333,
    729.1666666666666,
    750.0,
    770.8333333333333,
    791.6666666666666,
    812.5,
    833.3333333333333,
    854.1666666666666,
    875.0,
    895.8333333333333,
    916.6666666666666,
    937.5,
    958.3333333333333,
    979.1666666666666,
    1000.0
  ],
  "fixed_tau_ps": 0.18708286933869708,
  "fixed_sigma_s_per_m": 31.622776601683793
}