{
  "slug": "advanced_refl_tau1_sigma1_60deg_s_725um",
  "title": "Two-Drude reflection: $\\tau_1$ vs $\\sigma_1$ (60 deg, s-pol, $d_{\\mathrm{sub}}=725\\,\\mu$m, $d_{\\mathrm{epi}}=70\\,\\mu$m)",
  "mode": "reflection",
  "angle_deg": 60.0,
  "polarization": "s",
  "pair_index": 1,
  "substrate_thickness_um": 725.0,
  "epi_thickness_um": 70.0,
  "tau_values": [
    0.1,
    0.11041666666666668,
    0.12083333333333333,
    0.13125,
    0.14166666666666666,
    0.15208333333333335,
    0.1625,
    0.17291666666666666,
    0.18333333333333335,
    0.19375,
    0.20416666666666666,
    0.21458333333333335,
    0.225,
    0.23541666666666666,
    0.24583333333333332,
    0.25625,
    0.26666666666666666,
    0.27708333333333335,
    0.2875,
    0.29791666666666666,
    0.30833333333333335,
    0.31875,
    0.32916666666666666,
    0.33958333333333335,
    0.35
  ],
  "sigma_values": [
    10.0,
    13.75,
    17.5,
    21.25,
    25.0,
    28.75,
    32.5,
    36.25,
    40.0,
    43.75,
    47.5,
    51.25,
    55.0,
    58.75,
    62.5,
    66.25,
    70.0,
    73.75,
    77.5,
    81.25,
    85.0,
    88.75,
    92.5,
    96.25,
    100.0
  ],
  "fixed_tau_ps": 0.8154753215150046,
  "fixed_sigma_s_per_m": 707.1067811865476
}